{"cameraMode":{"drawMode":0,"name":"Shaded","section":"Shading Mode"},"sceneLighting":true,"audioPlay":false,"sceneViewState":{"m_AlwaysRefresh":false,"showFog":true,"showSkybox":true,"showFlares":true,"showImageEffects":true,"showParticleSystems":true,"showVisualEffectGraphs":true,"m_FxEnabled":true},"in2DMode":false,"pivot":{"x":0.24027110636234284,"y":-1.5233961343765259,"z":-4.086355686187744},"rotation":{"x":0.011091497726738453,"y":0.9774549007415772,"z":-0.2040589153766632,"w":0.05312901735305786},"size":4.4088592529296879,"orthographic":false}